N,Bias_a,Bias_v,Bias_t0,MSE_a,MSE_v,MSE_t0
10,0.21440263860489767,0.1263328303724646,-0.02342253979326947,0.37408447339683965,0.6611198938510092,0.024605539639488527
