N,Bias_a,Bias_v,Bias_t0,MSE_a,MSE_v,MSE_t0
40,0.026840481521922206,0.02199529137940486,0.0006656163588585317,0.04112227977272861,0.14451545431615784,0.004862205116478151
