N,Bias_a,Bias_v,Bias_t0,MSE_a,MSE_v,MSE_t0
4000,-0.00030361106472832705,-0.00026076314883842147,8.892754867390301e-06,0.0001555784704545332,0.0011775506264941895,4.4539557812416126e-05
